{
  "POST Reserve" : {
    "transaction" : "POST Reserve",
    "sampleCount" : 6962,
    "errorCount" : 272,
    "errorPct" : 3.9069233,
    "meanResTime" : 2073.795461074405,
    "medianResTime" : 484.0,
    "minResTime" : 248.0,
    "maxResTime" : 34217.0,
    "pct1ResTime" : 4237.7,
    "pct2ResTime" : 15475.699999999999,
    "pct3ResTime" : 21041.0,
    "throughput" : 25.559316558119725,
    "receivedKBytesPerSec" : 179.44866370128236,
    "sentKBytesPerSec" : 5.996272867364695
  },
  "GET Home" : {
    "transaction" : "GET Home",
    "sampleCount" : 7262,
    "errorCount" : 1258,
    "errorPct" : 17.323051,
    "meanResTime" : 6117.82484164142,
    "medianResTime" : 1569.0,
    "minResTime" : 406.0,
    "maxResTime" : 34243.0,
    "pct1ResTime" : 21030.0,
    "pct2ResTime" : 21040.0,
    "pct3ResTime" : 21051.0,
    "throughput" : 26.21461910829865,
    "receivedKBytesPerSec" : 111.76507362596156,
    "sentKBytesPerSec" : 2.5398570866468604
  },
  "POST Purchase" : {
    "transaction" : "POST Purchase",
    "sampleCount" : 6830,
    "errorCount" : 67,
    "errorPct" : 0.9809663,
    "meanResTime" : 1099.8790629575408,
    "medianResTime" : 416.0,
    "minResTime" : 243.0,
    "maxResTime" : 21084.0,
    "pct1ResTime" : 1925.5000000000027,
    "pct2ResTime" : 3666.7999999999993,
    "pct3ResTime" : 19542.709999999377,
    "throughput" : 25.062748609255973,
    "receivedKBytesPerSec" : 163.42822316510774,
    "sentKBytesPerSec" : 6.7373982743215075
  },
  "Total" : {
    "transaction" : "Total",
    "sampleCount" : 27791,
    "errorCount" : 1609,
    "errorPct" : 5.7896442,
    "meanResTime" : 2583.765679536539,
    "medianResTime" : 604.0,
    "minResTime" : 241.0,
    "maxResTime" : 34243.0,
    "pct1ResTime" : 15534.900000000001,
    "pct2ResTime" : 21028.0,
    "pct3ResTime" : 21047.0,
    "throughput" : 100.32091429891597,
    "receivedKBytesPerSec" : 586.1134900140693,
    "sentKBytesPerSec" : 20.279211966331072
  },
  "POST Confirmation" : {
    "transaction" : "POST Confirmation",
    "sampleCount" : 6737,
    "errorCount" : 12,
    "errorPct" : 0.17812082,
    "meanResTime" : 805.6776013062193,
    "medianResTime" : 399.0,
    "minResTime" : 241.0,
    "maxResTime" : 21058.0,
    "pct1ResTime" : 1620.3999999999996,
    "pct2ResTime" : 2776.899999999995,
    "pct3ResTime" : 5511.399999999998,
    "throughput" : 24.59971153670604,
    "receivedKBytesPerSec" : 138.71200511657202,
    "sentKBytesPerSec" : 5.2756804219232105
  },
  "Compra Passagem" : {
    "transaction" : "Compra Passagem",
    "sampleCount" : 6771,
    "errorCount" : 1005,
    "errorPct" : 14.842711,
    "meanResTime" : 9206.99512627382,
    "medianResTime" : 4165.0,
    "minResTime" : 1026.0,
    "maxResTime" : 88317.0,
    "pct1ResTime" : 25150.8,
    "pct2ResTime" : 30847.599999999962,
    "pct3ResTime" : 58248.19999999997,
    "throughput" : 24.43822049619946,
    "receivedKBytesPerSec" : 574.722994419651,
    "sentKBytesPerSec" : 20.016313238542445
  }
}