{
  "POST Reserve" : {
    "transaction" : "POST Reserve",
    "sampleCount" : 25184,
    "errorCount" : 0,
    "errorPct" : 0.0,
    "meanResTime" : 803.9280495552784,
    "medianResTime" : 369.0,
    "minResTime" : 245.0,
    "maxResTime" : 10494.0,
    "pct1ResTime" : 1614.9000000000015,
    "pct2ResTime" : 3765.850000000002,
    "pct3ResTime" : 6955.960000000006,
    "throughput" : 48.79485390994343,
    "receivedKBytesPerSec" : 351.7138244255212,
    "sentKBytesPerSec" : 11.91280613035728
  },
  "GET Home" : {
    "transaction" : "GET Home",
    "sampleCount" : 25262,
    "errorCount" : 2,
    "errorPct" : 0.00791703,
    "meanResTime" : 810.8953764547541,
    "medianResTime" : 359.0,
    "minResTime" : 165.0,
    "maxResTime" : 10256.0,
    "pct1ResTime" : 1659.0,
    "pct2ResTime" : 3863.0,
    "pct3ResTime" : 7018.880000000019,
    "throughput" : 48.66752845938818,
    "receivedKBytesPerSec" : 226.06841005504043,
    "sentKBytesPerSec" : 5.703225991334552
  },
  "POST Purchase" : {
    "transaction" : "POST Purchase",
    "sampleCount" : 25103,
    "errorCount" : 2,
    "errorPct" : 0.007967175,
    "meanResTime" : 818.9119228777427,
    "medianResTime" : 367.0,
    "minResTime" : 164.0,
    "maxResTime" : 10286.0,
    "pct1ResTime" : 1644.0,
    "pct2ResTime" : 3935.7000000000044,
    "pct3ResTime" : 7071.990000000002,
    "throughput" : 48.66506924735185,
    "receivedKBytesPerSec" : 319.2925287902602,
    "sentKBytesPerSec" : 13.211805908949037
  },
  "Total" : {
    "transaction" : "Total",
    "sampleCount" : 100589,
    "errorCount" : 25044,
    "errorPct" : 24.897354,
    "meanResTime" : 811.3293799520784,
    "medianResTime" : 363.0,
    "minResTime" : 164.0,
    "maxResTime" : 10494.0,
    "pct1ResTime" : 1468.0,
    "pct2ResTime" : 3895.9000000000015,
    "pct3ResTime" : 6478.990000000002,
    "throughput" : 193.78435183990044,
    "receivedKBytesPerSec" : 1165.3626950908777,
    "sentKBytesPerSec" : 41.041286534801195
  },
  "POST Confirmation" : {
    "transaction" : "POST Confirmation",
    "sampleCount" : 25040,
    "errorCount" : 25040,
    "errorPct" : 100.0,
    "meanResTime" : 811.6095047923335,
    "medianResTime" : 367.0,
    "minResTime" : 237.0,
    "maxResTime" : 10213.0,
    "pct1ResTime" : 1636.800000000003,
    "pct2ResTime" : 3836.850000000002,
    "pct3ResTime" : 7011.950000000008,
    "throughput" : 48.57005415638626,
    "receivedKBytesPerSec" : 274.15530215413236,
    "sentKBytesPerSec" : 10.434972572661112
  },
  "Compra Passagem" : {
    "transaction" : "Compra Passagem",
    "sampleCount" : 25040,
    "errorCount" : 25040,
    "errorPct" : 100.0,
    "meanResTime" : 3245.613698083057,
    "medianResTime" : 2096.5,
    "minResTime" : 1045.0,
    "maxResTime" : 26442.0,
    "pct1ResTime" : 7407.9000000000015,
    "pct2ResTime" : 8820.95,
    "pct3ResTime" : 11865.94000000001,
    "throughput" : 48.384696986970525,
    "receivedKBytesPerSec" : 1164.0738597882396,
    "sentKBytesPerSec" : 41.01359080536174
  }
}